run_id,bh1_mass_msol,bh2_mass_msol,impact_parameter_au,bh1_schwarzschild_radius_km,bh2_schwarzschild_radius_km,simulation_duration_yr,bh1_v_init_x_kms,bh1_v_init_y_kms,bh1_v_init_total_kms,bh1_v_init_unit_x,bh1_v_init_unit_y,bh1_v_final_x_kms,bh1_v_final_y_kms,bh1_v_final_total_kms,bh1_v_final_unit_x,bh1_v_final_unit_y,bh1_deflection_angle_deg,bh2_v_init_x_kms,bh2_v_init_y_kms,bh2_v_init_total_kms,bh2_v_init_unit_x,bh2_v_init_unit_y,bh2_v_final_x_kms,bh2_v_final_y_kms,bh2_v_final_total_kms,bh2_v_final_unit_x,bh2_v_final_unit_y,bh2_deflection_angle_deg,merged,nearest_approach_dist_au,nearest_approach_time_s,remaining_dist_for_merger_au
1,100000.00000000001,100000.00000000001,0.0,295412.6555055405,295412.6555055405,0.8598958333333333,218287382.9328686,0.0,218287.3829328686,1.0,0.0,218287.3829328686,0.0,218287.3829328686,1.0,0.0,90.0,-215289.45835286856,0.0,215289.45835286856,0.0,0.0,-215289.45835286856,0.0,215289.45835286856,-1.0,0.0,0.0,1,0.0020826857927558097,74294.0,0.0
2,100000.00000000001,100000.00000000001,0.0010000142334913595,295412.6555055405,295412.6555055405,0.8598958333333333,218079465.2927156,-430613.55296269665,218079.89043098115,1.0,0.0,218079.4652927156,-430.61355296269664,218079.89043098115,0.9999980505388887,-0.0019745679077135224,89.99106929075025,-215081.5407127155,430.61355296269664,215081.97177677977,0.0,0.0,-215081.5407127155,430.61355296269664,215081.97177677977,-0.9999979958149876,0.0020020904095560538,0.008729334117601096,1,0.002092092823863608,74294.0,0.0
3,100000.00000000001,100000.00000000001,0.010000142334913595,295412.6555055405,295412.6555055405,0.8598958333333333,200551515.35006064,-3675157.7081219563,200585.18662499773,1.0,0.0,200551.51535006065,-3675.157708121956,200585.18662499773,0.9998321347876997,-0.01832217906994705,89.91051170739233,-197553.59077006072,3675.157708121956,197587.7729271834,0.0,0.0,-197553.59077006072,3675.157708121956,197587.7729271834,-0.999827002670174,0.018600127192467293,0.0871124373332445,1,0.0029636827227338255,74294.0,0.0
4,100000.00000000001,100000.00000000001,0.02000028466982719,295412.6555055405,295412.6555055405,0.8599074074074075,213073217.95598185,-8253186.519609321,213232.99767588696,1.0,0.0,213073.21795598185,-8253.18651960932,213232.99767588696,0.999250680140285,-0.03870501568502133,89.82129177434166,-210075.293375982,8253.18651960932,210237.35152139916,0.0,0.0,-210075.293375982,8253.18651960932,210237.35152139916,-0.9992291657774205,0.03925651869130051,0.17449063597337752,1,0.002319243931181938,74295.0,0.0
5,100000.00000000001,100000.00000000001,0.030000427004740784,295412.6555055405,295412.6555055405,0.8599189814814815,193163585.59835845,-10290888.105579928,193437.5175068578,1.0,0.0,193163.58559835845,-10290.888105579928,193437.5175068578,0.9985838739452927,-0.05320006293616279,89.73130568900027,-190165.66101835849,10290.888105579928,190443.9051493925,0.0,0.0,-190165.66101835849,10290.888105579928,190443.9051493925,-0.9985389706705724,0.05403632160087931,0.26110191551972706,1,0.003374789309748497,74296.0,0.0
6,100000.00000000001,100000.00000000001,0.04000056933965438,295412.6555055405,295412.6555055405,0.8599421296296297,199824682.84244463,-14667016.60377091,200362.23508720117,1.0,0.0,199824.68284244463,-14667.01660377091,200362.23508720117,0.9973170979824486,-0.07320250044818857,89.64206136424013,-196826.75826244446,14667.01660377091,197372.47564986875,0.0,0.0,-196826.75826244446,14667.01660377091,197372.47564986875,-0.9972350887040989,0.07431135752580638,0.3484471220293343,1,0.0029808233733874404,74298.0,0.0
7,100000.00000000001,100000.00000000001,0.050000711674567974,295412.6555055405,295412.6555055405,0.8599768518518518,249128281.89863825,-27986018.271659594,250695.26932207763,1.0,0.0,249128.28189863826,-27986.018271659595,250695.26932207763,0.9937494336144563,-0.11163361138540236,89.55503992711235,-246130.35731863824,27986.018271659595,247716.3095407773,0.0,0.0,-246130.35731863824,27986.018271659595,247716.3095407773,-0.993597707696037,0.11297608269532505,0.4380031001115541,1,0.0008501562673486749,74301.0,0.0
8,100000.00000000001,100000.00000000001,0.10000142334913595,295412.6555055405,295412.6555055405,0.8602083333333334,241307236.27207845,-54533211.73991369,247392.5089002069,1.0,0.0,241307.23627207844,-54533.211739913684,247392.5089002069,0.9754023569461308,-0.22043194429105073,89.11010936147342,-238309.31169207822,54533.211739913684,244469.21937500098,0.0,0.0,-238309.31169207822,54533.211739913684,244469.21937500098,-0.9748029314337776,0.2230678032978174,0.8758217233659457,1,0.0010576879231253182,74321.0,0.0
9,100000.00000000001,100000.00000000001,0.1500021350237039,295412.6555055405,295412.6555055405,0.8605902777777777,204123842.81721562,-61732305.988396056,213254.3570694684,1.0,0.0,204123.84281721563,-61732.30598839606,213254.3570694684,0.9571848642263452,-0.28947734919332285,88.66106711756007,-201125.9182372157,61732.30598839606,210386.57891939813,0.0,0.0,-201125.9182372157,61732.30598839606,210386.57891939813,-0.9559826452345598,0.29342321314158787,1.3091096372721875,1,0.002419492071702537,74354.0,0.0
10,100000.00000000001,100000.00000000001,0.2000028466982719,295412.6555055405,295412.6555055405,0.8611342592592592,213689565.5557861,-98971033.34255153,235496.2756994536,1.0,0.0,213689.5655557861,-98971.03334255153,235496.2756994536,0.9074010402971392,-0.42026581120484857,88.22064225008494,-210691.64097578617,98971.03334255153,232779.36553303438,0.0,0.0,-210691.64097578617,98971.03334255153,232779.36553303438,-0.9051130476850033,0.4251709902031942,1.7503562930461596,1,0.0016951680471296014,74401.0,0.0
11,100000.00000000001,100000.00000000001,0.2500035583728399,295412.6555055405,295412.6555055405,0.8618287037037037,196108795.17727628,-115757253.72171348,227724.39775982735,1.0,0.0,196108.79517727628,-115757.25372171348,227724.39775982735,0.8611672579066609,-0.5083217031659404,87.77639970249099,-193110.87059727625,115757.25372171348,225147.84061152156,0.0,0.0,-193110.87059727625,115757.25372171348,225147.84061152156,-0.857706963001599,0.5141388583044212,2.186940146330367,1,0.002084988328295382,74461.0,0.0
12,100000.00000000001,100000.00000000001,0.3000042700474078,295412.6555055405,295412.6555055405,0.8626736111111111,168104169.16878682,-108429589.87636276,200039.96513868004,1.0,0.0,168104.16916878682,-108429.58987636276,200039.96513868004,0.8403529217386468,-0.5420396359357126,87.32636859515664,-165106.24458878694,108429.58987636276,197527.33472349733,0.0,0.0,-165106.24458878694,108429.58987636276,197527.33472349733,-0.8358652984403698,0.5489346070919483,2.6166818813450803,1,0.003289429442784099,74534.0,0.0
13,100000.00000000001,100000.00000000001,0.3500049817219758,295412.6555055405,295412.6555055405,0.8636805555555556,158499432.7518069,-138566270.88035664,210529.5266900416,1.0,0.0,158499.43275180692,-138566.27088035663,210529.5266900416,0.7528608231051717,-0.6581797482704883,86.89000924342615,-155501.50817180704,138566.27088035663,208281.85343278214,0.0,0.0,-155501.50817180704,138566.27088035663,208281.85343278214,-0.7465917246698179,0.6652824938735026,3.058795133220433,1,0.0029710921754295223,74621.0,0.0
14,100000.00000000001,100000.00000000001,0.4000056933965438,295412.6555055405,295412.6555055405,0.864837962962963,139904379.9800666,-145304024.08406916,201708.936224032,1.0,0.0,139904.3799800666,-145304.02408406915,201708.936224032,0.6935953488182549,-0.7203648326352998,86.44839194471426,-136906.45540006648,145304.02408406915,199641.2706462122,0.0,0.0,-136906.45540006648,145304.02408406915,199641.2706462122,-0.6857622923202127,0.7278255824246129,3.494177505749111,1,0.003462442858147608,74721.0,0.0
15,100000.00000000001,100000.00000000001,0.4500064050711117,295412.6555055405,295412.6555055405,0.8661574074074074,110024230.10326888,-190947842.26025122,220377.87927481026,1.0,0.0,110024.23010326887,-190947.84226025123,220377.87927481026,0.4992526040513764,-0.8664564832395909,86.02464271249565,-107026.30552326886,190947.84226025123,218896.57041124665,0.0,0.0,-107026.30552326886,190947.84226025123,218896.57041124665,-0.48893550649147116,0.8723199358560646,3.9457252143288155,1,0.0030964045701840134,74835.0,0.0
16,100000.00000000001,100000.00000000001,0.5000071167456798,295412.6555055405,295412.6555055405,0.8676273148148148,76747714.06067164,-201655735.8704838,215766.65039575726,1.0,0.0,76747.71406067164,-201655.7358704838,215766.65039575726,0.3556977592222972,-0.9346010400616066,85.59396557376091,-73749.78948067193,201655.7358704838,214718.5768812511,0.0,0.0,-73749.78948067193,201655.7358704838,214718.5768812511,-0.34347186234127675,0.9391629676365094,4.388459544293648,1,0.003482360676052498,74962.0,0.0
17,100000.00000000001,100000.00000000001,0.5500078284202476,295412.6555055405,295412.6555055405,7.000011574074074,367948.6255590544,-9101.685053467925,368.0611793188868,1.0,0.0,367.9486255590544,-9.101685053467925,368.0611793188868,0.9996941982307379,-0.02472872871382684,91.33024073953831,2629.97595444107,9.101685053467925,2629.991703714867,0.0,0.0,2629.97595444107,9.101685053467925,2629.991703714867,0.9999940116640769,0.00346072766716784,3.1695682405647756,0,0.003993224223620426,243619.0,4.3800958125505165e-05
18,100000.00000000001,100000.00000000001,0.6000085400948156,295412.6555055405,295412.6555055405,7.000011574074074,436365.7183657791,144186.88480214187,459.5703405506371,1.0,0.0,436.3657183657791,144.18688480214186,459.5703405506371,0.9495080075075009,0.31374279860920407,87.7562649618278,2561.5588616340233,-144.18688480214186,2565.613700338525,0.0,0.0,2561.5588616340233,-144.18688480214186,2565.613700338525,0.9984195443359354,-0.05619976412782518,1.8816064792025995,0,0.004670736163842224,75256.0,0.0007213128983473027
19,100000.00000000001,100000.00000000001,0.6500092517693836,295412.6555055405,295412.6555055405,7.000011574074074,593748.277244986,211264.15038733472,630.2138985854494,1.0,0.0,593.7482772449861,211.26415038733472,630.2138985854494,0.942137706860619,0.3352261047582876,86.1537427208291,2404.1763027550132,-211.26415038733472,2413.440746313787,0.0,0.0,2404.1763027550132,-211.26415038733472,2413.440746313787,0.9961613130246004,-0.08753649772011719,1.2851456087570663,0,0.005423030561704544,516446.0,0.0014736072962096228
20,100000.00000000001,100000.00000000001,0.7000099634439516,295412.6555055405,295412.6555055405,7.000115740740741,-44542076.208260275,-124969278.14071369,132669.9552722979,1.0,0.0,-44542.076208260274,-124969.2781407137,132669.9552722979,-0.33573597064113025,-0.9419561338075453,160.7444772526973,47540.00078826027,124969.2781407137,133706.29062971886,0.0,0.0,47540.00078826027,124969.2781407137,133706.29062971886,0.3555554534073176,0.934655187516935,68.82040685743604,0,0.008834195558285888,75590.0,0.004884772292790966
21,100000.00000000001,100000.00000000001,0.7500106751185196,295412.6555055405,295412.6555055405,7.000115740740741,-12610582.898359504,-70666022.54163732,71782.40413145543,1.0,0.0,-12610.582898359504,-70666.02254163731,71782.40413145543,-0.175677912309341,-0.9844476985226953,170.59509856503573,15608.507478359501,70666.02254163731,72369.27695892227,0.0,0.0,15608.507478359501,70666.02254163731,72369.27695892227,0.2156786434002801,0.9764643991365046,76.85539634678935,0,0.01129585554854932,75780.0,0.007346432283054398
22,100000.00000000001,100000.00000000001,0.8000113867930876,295412.6555055405,295412.6555055405,7.000115740740741,-38706416.13106568,-53085105.72445518,65697.90787755579,1.0,0.0,-38706.41613106568,-53085.10572445518,65697.90787755579,-0.5891575147751221,-0.8080182069631857,144.50219747504627,41704.340711065706,53085.10572445518,67507.63278268048,0.0,0.0,41704.340711065706,53085.10572445518,67507.63278268048,0.6177722279985682,0.7863570908395784,51.29798709930668,0,0.010292791187005218,75990.0,0.006343367921510296
23,100000.00000000001,100000.00000000001,0.8500120984676556,295412.6555055405,295412.6555055405,7.000115740740741,-31544461.785116956,-27526186.010489743,41865.78538134434,1.0,0.0,-31544.461785116957,-27526.186010489742,41865.78538134434,-0.7534663806682907,-0.6574864357556179,131.83224865441642,34542.38636511643,27526.186010489742,44168.62429463999,0.0,0.0,34542.38636511643,27526.186010489742,44168.62429463999,0.7820571031302929,0.6232067774370355,37.94446261961883,0,0.011092010690725454,76210.0,0.007142587425230533
24,100000.00000000001,100000.00000000001,0.9000128101422235,295412.6555055405,295412.6555055405,7.000115740740741,-17709090.58735902,-11623151.474646816,21182.765155519057,1.0,0.0,-17709.09058735902,-11623.151474646816,21182.765155519057,-0.8360141113467903,-0.5487079420138152,124.40985925612284,20707.015167359034,11623.151474646816,23746.118153159718,0.0,0.0,20707.015167359034,11623.151474646816,23746.118153159718,0.872016850661703,0.4894758545240461,28.54555379574454,0,0.012932822960438912,76440.0,0.00898339969494399
25,100000.00000000001,100000.00000000001,0.9500135218167914,295412.6555055405,295412.6555055405,7.000115740740741,-12366698.908774804,-3569535.605320675,12871.551046316989,1.0,0.0,-12366.698908774804,-3569.5356053206747,12871.551046316989,-0.9607776766198942,-0.2773197723006387,106.72994698529577,15364.623488774807,3569.5356053206747,15773.814991607533,0.0,0.0,15364.623488774807,3569.5356053206747,15773.814991607533,0.9740588118314791,0.2262950089892552,12.882190452255356,0,0.01287393010270754,76690.0,0.008924506837212619
26,100000.00000000001,100000.00000000001,1.0000142334913595,295412.6555055405,295412.6555055405,7.000115740740741,-4212147.461010092,-407735.2400619169,4231.835802495427,1.0,0.0,-4212.147461010092,-407.7352400619169,4231.835802495427,-0.9953475648857347,-0.09634949442544151,95.05884144429734,7210.072041010185,407.7352400619169,7221.591712534372,0.0,0.0,7210.072041010185,407.7352400619169,7221.591712534372,0.9984048292976475,0.05646057770812756,4.120255462242746,0,0.013881103761330307,76950.0,0.009931680495835387
27,100000.00000000001,100000.00000000001,1.1000156568404953,295412.6555055405,295412.6555055405,7.000115740740741,-4361518.161451466,-1306301.1436594976,4552.940077641819,1.0,0.0,-4361.518161451467,-1306.3011436594977,4552.940077641819,-0.9579564165295366,-0.2869137571290181,89.11284441687471,7359.442741451293,1306.3011436594977,7474.477917729521,0.0,0.0,7359.442741451293,1306.3011436594977,7474.477917729521,0.9846096038352908,0.1747682123136575,5.702956030003902,0,0.01619358599988113,77510.0,0.012244162734386208
28,100000.00000000001,100000.00000000001,1.2000170801896313,295412.6555055405,295412.6555055405,7.000115740740741,-2006546.4451755914,264997.90411292674,2023.9694972580605,1.0,0.0,-2006.5464451755913,264.99790411292673,2023.9694972580605,-0.9913916429540698,0.1309297914182641,85.5947120457069,5004.471025175654,-264.99790411292673,5011.482228942541,0.0,0.0,5004.471025175654,-264.99790411292673,5011.482228942541,0.9986009720384927,-0.052878149019964335,3.7676627353404997,0,0.01891669168991067,78120.0,0.014967268424415748
29,100000.00000000001,100000.00000000001,1.3000185035387672,295412.6555055405,295412.6555055405,7.000115740740741,-420710.24657839467,520099.8945857807,668.9551643602086,1.0,0.0,-420.7102465783947,520.0998945857807,668.9551643602086,-0.6289064932786095,0.7774809468482186,82.47013345362413,3418.6348265783668,-520.0998945857807,3457.9716565990875,0.0,0.0,3418.6348265783668,-520.0998945857807,3457.9716565990875,0.9886243052496825,-0.15040606061453335,2.5620874592021234,0,0.022230050094445813,78790.0,0.018280626828950895
30,100000.00000000001,100000.00000000001,1.4000199268879032,295412.6555055405,295412.6555055405,7.000115740740741,-656015.7006485265,680964.4536628467,945.5523183038136,1.0,0.0,-656.0157006485265,680.9644536628467,945.5523183038136,-0.6937910128815774,0.7201763884249155,81.11869503779128,3653.940280648527,-680.9644536628467,3716.8524535819515,0.0,0.0,3653.940280648527,-680.9644536628467,3716.8524535819515,0.9830738040535356,-0.18320997730394098,2.274027624090364,0,0.025300471699711318,79500.0,0.021351048434216396
31,100000.00000000001,100000.00000000001,1.5000213502370392,295412.6555055405,295412.6555055405,7.000115740740741,-894344.0365984149,829051.2675671948,1219.4987741092318,1.0,0.0,-894.3440365984148,829.0512675671947,1219.4987741092318,-0.7333701809185317,0.6798295210856323,80.22944390262064,3892.2686165982977,-829.0512675671947,3979.583016851238,0.0,0.0,3892.2686165982977,-829.0512675671947,3979.583016851238,0.9780594097715228,-0.20832616484105018,2.226707731760538,0,0.028882366564456384,80270.0,0.024932943298961466
32,100000.00000000001,100000.00000000001,5.0,295412.6555055405,295412.6555055405,7.000115740740741,-104055.87375097182,2230157.4769353103,2232.583704319403,1.0,0.0,-104.05587375097181,2230.15747693531,2232.583704319403,-0.046607826416386465,0.9989132647616308,57.42011370891865,3101.98045375099,-2230.15747693531,3820.4561386546065,0.0,0.0,3101.98045375099,-2230.15747693531,3820.4561386546065,0.8119398158679996,-0.5837411544582402,6.131731957943386,0,0.3305755787494351,520340.0,0.3266261554839402
33,100000.00000000001,100000.00000000001,10.0,295412.6555055405,295412.6555055405,14.00011574074074,-2250840.525909529,3272291.2277678377,3971.671304678048,1.0,0.0,-2250.840525909529,3272.291227767838,3971.671304678048,-0.5667237677142034,0.8239078656669189,67.82015874776528,5248.765105909507,-3272.291227767838,6185.258686291106,0.0,0.0,5248.765105909507,-3272.291227767838,6185.258686291106,0.848592657497539,-0.5290467858717832,16.395772966060935,0,1.4210635302242542,319240.0,1.4171141069587594
34,100000.00000000001,100000.00000000001,20.0,295412.6555055405,295412.6555055405,14.00011574074074,-1952348.1556114717,1389439.3967163118,2396.2898735058966,1.0,0.0,-1952.3481556114718,1389.4393967163119,2396.2898735058966,-0.8147378901013695,0.5798294321894746,58.96361194989046,4950.272735611455,-1389.4393967163119,5141.569993113533,0.0,0.0,4950.272735611455,-1389.4393967163119,5141.569993113533,0.9627939991562311,-0.2702364061127799,36.39967766946313,0,6.648612834104132,1037910.0,6.644663410838637
35,100000.00000000001,100000.00000000001,30.0,295412.6555055405,295412.6555055405,14.00011574074074,2403134.589165792,-1762124.0254364237,2979.9558611941393,1.0,0.0,2403.134589165792,-1762.1240254364236,2979.9558611941393,0.8064329477023859,-0.5913255455838525,45.16719863775133,594.789990834103,1762.1240254364236,1859.8000468374817,0.0,0.0,594.789990834103,1762.1240254364236,1859.8000468374817,0.31981394550748643,0.9474803640492685,48.96138137461568,0,23.628549834543495,1209600.0,23.624600411278
36,100000.00000000001,100000.00000000001,40.0,295412.6555055405,295412.6555055405,14.00011574074074,2814979.9048909037,-916767.2614421863,2960.5023351775635,1.0,0.0,2814.9799048909035,-916.7672614421863,2960.5023351775635,0.9508453587225656,-0.3096661166413844,33.3783911629327,182.9446751090503,916.7672614421863,934.8427492380533,0.0,0.0,182.9446751090503,916.7672614421863,934.8427492380533,0.1956956667398447,0.9806646756252861,34.781861634262235,0,37.5363508890113,1209600.0,37.53240146574581
37,100000.00000000001,100000.00000000001,50.0,295412.6555055405,295412.6555055405,28.00011574074074,2568291.767697241,-1035215.9598639584,2769.0783101202605,1.0,0.0,2568.291767697241,-1035.2159598639585,2769.0783101202605,0.9274897565413024,-0.3738485676192376,48.50700693320977,429.6328123027815,1035.2159598639585,1120.8284600973752,0.0,0.0,429.6328123027815,1035.2159598639585,1120.8284600973752,0.38331718688286687,0.9236167680592452,51.660065643135106,0,49.12096448635806,1104210.0,49.11701506309257
38,100000.00000000001,100000.00000000001,75.0,295412.6555055405,295412.6555055405,28.00011574074074,2877735.2945484924,-473970.2739675092,2916.5061711052376,1.0,0.0,2877.735294548492,-473.97027396750923,2916.5061711052376,0.9867063965299094,-0.16251303654464536,34.00313969082592,120.1892854515259,473.97027396750923,488.97166067389236,0.0,0.0,120.1892854515259,473.97027396750923,488.97166067389236,0.24580010482792214,0.9693205395876962,35.620724587486826,0,74.81614960932346,523920.0,74.81220018605795
39,100000.00000000001,100000.00000000001,100.0,295412.6555055405,295412.6555055405,28.00011574074074,2946464.627662444,-272625.21769524645,2959.050238064465,1.0,0.0,2946.464627662444,-272.6252176952465,2959.050238064465,0.9957467398693937,-0.09213267628520308,26.267442293052074,51.45995233747534,272.6252176952465,277.43942765576014,0.0,0.0,51.45995233747534,272.6252176952465,277.43942765576014,0.18548175640459277,0.9826477080017371,23.389956844662898,0,99.91867845655136,411650.0,99.91472903328587
40,316227.75263951736,316227.75263951736,0.5000071167456798,934176.8015178901,934176.8015178901,0.5471643518518519,182324896.47658855,-66569330.45166698,194097.51062798814,1.0,0.0,182324.89647658856,-66569.33045166697,194097.51062798814,0.9393469080911436,-0.3429684916426122,85.1321324857004,-179326.9718965885,66569.33045166697,191284.18284422546,0.0,0.0,-179326.9718965885,66569.33045166697,191284.18284422546,-0.9374898082536471,0.3480127288197085,4.7435407800814975,1,0.007988535390404717,47270.0,0.0
41,316227.75263951736,316227.75263951736,0.5500078284202476,934176.8015178901,934176.8015178901,0.5480902777777777,176743662.1315443,-70645998.1142243,190339.64157059998,1.0,0.0,176743.6621315443,-70645.9981142243,190339.64157059998,0.9285699010102805,-0.37115756618686596,84.64685376109037,-173745.7375515443,70645.9981142243,187559.15964539055,0.0,0.0,-173745.7375515443,70645.9981142243,187559.15964539055,-0.9263516528866805,0.37665981361716183,5.211384075528549,1,0.008826137716013989,47350.0,0.0
42,316227.75263951736,316227.75263951736,0.6000085400948156,934176.8015178901,934176.8015178901,0.5491319444444445,204775391.31415546,-106512664.08111967,230820.07819408376,1.0,0.0,204775.39131415545,-106512.66408111967,230820.07819408376,0.8871645522187686,-0.4614532016212173,84.2096762628609,-201777.46673415543,106512.66408111967,228164.6197185502,0.0,0.0,-201777.46673415543,106512.66408111967,228164.6197185502,-0.8843503737917634,0.466823753010029,5.724814814628848,1,0.00392823606182247,47440.0,0.0
43,316227.75263951736,316227.75263951736,0.6500092517693836,934176.8015178901,934176.8015178901,0.5502314814814815,192033357.0995383,-105129143.55009907,218926.80754648603,1.0,0.0,192033.3570995383,-105129.14355009908,218926.80754648603,0.8771578010553264,-0.48020224077755475,83.72207641279236,-189035.43251953827,105129.14355009908,216301.9453713402,0.0,0.0,-189035.43251953827,105129.14355009908,216301.9453713402,-0.873942359579838,0.486029579482592,6.185594994899375,1,0.00491221441181015,47535.0,0.0
44,316227.75263951736,316227.75263951736,0.7000099634439516,934176.8015178901,934176.8015178901,0.5514467592592592,223508211.96065935,-172300156.02765077,282211.38279843325,1.0,0.0,223508.21196065936,-172300.15602765078,282211.38279843325,0.7919886495871711,-0.6105358129750369,83.31465565405713,-220510.2873806594,172300.15602765078,279843.04638109874,0.0,0.0,-220510.2873806594,172300.15602765078,279843.04638109874,-0.7879784408877604,0.6157028314829277,6.723845983792644,1,0.0076440603634676755,47640.0,0.0
45,316227.75263951736,316227.75263951736,0.7500106751185196,934176.8015178901,934176.8015178901,0.5527199074074074,201734400.80435467,-154002957.33932367,253798.50144780125,1.0,0.0,201734.40080435466,-154002.95733932368,253798.50144780125,0.7948604883541655,-0.6067922247799303,82.81640636094141,-198736.4762243547,154002.95733932368,251422.15067756272,0.0,0.0,-198736.4762243547,154002.95733932368,251422.15067756272,-0.790449352568084,0.612527404305062,7.168409579424973,1,0.005576925078201115,47750.0,0.0
46,316227.75263951736,316227.75263951736,0.8000113867930876,934176.8015178901,934176.8015178901,0.554050925925926,159258527.17434025,-98044553.04221563,187018.75001985204,1.0,0.0,159258.52717434024,-98044.55304221563,187018.75001985204,0.851564493706834,-0.5242498574704847,82.25985607434707,-156260.60259434028,98044.55304221563,184472.51910350815,0.0,0.0,-156260.60259434028,98044.55304221563,184472.51910350815,-0.8470671043780885,0.5314859552994042,7.551905846519113,1,0.010045329266410986,47865.0,0.0
47,316227.75263951736,316227.75263951736,0.8500120984676556,934176.8015178901,934176.8015178901,0.5554976851851852,150488623.6159851,-95883230.1876036,178438.8401358925,1.0,0.0,150488.6236159851,-95883.23018760359,178438.8401358925,0.8433624848792922,-0.5373450652031947,81.77438728904426,-147490.69903598505,95883.23018760359,175917.87894734438,0.0,0.0,-147490.69903598505,95883.23018760359,175917.87894734438,-0.8384065333128072,0.5450453970986275,8.003119989592099,1,0.011961199632260746,47990.0,0.0
48,316227.75263951736,316227.75263951736,0.9000128101422235,934176.8015178901,934176.8015178901,0.5570601851851852,158087231.52313194,-121911249.56988493,199634.4798433855,1.0,0.0,158087.23152313192,-121911.24956988492,199634.4798433855,0.7918834043455437,-0.61067231304695,81.34254060465408,-155089.3069431319,121911.24956988492,197268.96841569318,0.0,0.0,-155089.3069431319,121911.24956988492,197268.96841569318,-0.7861819737218954,0.6179950680990464,8.504253664966358,1,0.00824541086674118,48125.0,0.0
49,316227.75263951736,316227.75263951736,0.9500135218167914,934176.8015178901,934176.8015178901,0.5586805555555555,148148661.51860586,-116006273.74918197,188163.44347116046,1.0,0.0,148148.66151860586,-116006.27374918197,188163.44347116046,0.7873402972735902,-0.6165186585085115,80.8575272624654,-145150.7369386059,116006.27374918197,185812.24928133914,0.0,0.0,-145150.7369386059,116006.27374918197,185812.24928133914,-0.7811688276741785,0.6243198400420651,8.948941102911304,1,0.010250155089446553,48265.0,0.0
50,316227.75263951736,316227.75263951736,1.0000142334913595,934176.8015178901,934176.8015178901,0.5604166666666667,151971664.72075927,-148604147.57515335,212552.53363471542,1.0,0.0,151971.66472075926,-148604.14757515336,212552.53363471542,0.7149840188775727,-0.6991407960845045,80.43795433089267,-148973.74014075927,148604.14757515336,210419.50462840754,0.0,0.0,-148973.74014075927,148604.14757515336,210419.50462840754,-0.7079844637208939,0.7062280078911047,9.455112075089923,1,0.007324879498055467,48415.0,0.0
51,316227.75263951736,316227.75263951736,1.1000156568404953,934176.8015178901,934176.8015178901,0.5641203703703703,139064402.6785274,-179500882.56400657,227067.1154826099,1.0,0.0,139064.4026785274,-179500.88256400658,227067.1154826099,0.6124374389614236,-0.7905190594529474,79.5489101608432,-136066.47809852747,179500.88256400658,225243.54220131223,0.0,0.0,-136066.47809852747,179500.88256400658,225243.54220131223,-0.6040860340267493,0.7969191072460448,10.405941294651125,1,0.0073638128664115215,48735.0,0.0
52,316227.75263951736,316227.75263951736,1.2000170801896313,934176.8015178901,934176.8015178901,0.5681712962962963,113970501.82739441,-217167825.98167592,245257.29332355357,1.0,0.0,113970.50182739442,-217167.8259816759,245257.29332355357,0.46469770697925716,-0.8854693902830411,78.67957564113975,-110972.57724739442,217167.8259816759,243878.61231058455,0.0,0.0,-110972.57724739442,217167.8259816759,243878.61231058455,-0.4550320185768013,0.8904750766135577,11.359617045765113,1,0.008512924762337807,49085.0,0.0
53,316227.75263951736,316227.75263951736,1.3000185035387672,934176.8015178901,934176.8015178901,0.572511574074074,111466533.8726184,-145963852.72837314,183657.9278901017,1.0,0.0,111466.53387261841,-145963.85272837314,183657.9278901017,0.6069247059093381,-0.7947593354952575,77.66484041797818,-108468.60929261842,145963.85272837314,181854.02251582147,0.0,0.0,-108468.60929261842,145963.85272837314,181854.02251582147,-0.5964597746699913,0.8026429699440613,12.149748016067004,1,0.012238602879011054,49460.0,0.0
54,316227.75263951736,316227.75263951736,1.4000199268879032,934176.8015178901,934176.8015178901,0.5772569444444444,93135339.59126222,-177929703.97751027,200831.20036066155,1.0,0.0,93135.33959126222,-177929.70397751027,200831.20036066155,0.4637493548014734,-0.8859664417579353,76.82697821515046,-90137.41501126229,177929.70397751027,199458.60007138565,0.0,0.0,-90137.41501126229,177929.70397751027,199458.60007138565,-0.45191039633789853,0.8920633350170398,13.097421670078358,1,0.010600115517310476,49870.0,0.0
55,316227.75263951736,316227.75263951736,1.5000213502370392,934176.8015178901,934176.8015178901,0.5823495370370371,46205012.501208045,-221264106.67165467,226036.96175944802,1.0,0.0,46205.012501208046,-221264.10667165468,226036.96175944802,0.20441352662658827,-0.9788846255468932,76.02346647342169,-43207.08792120809,221264.10667165468,225443.2464010319,0.0,0.0,-43207.08792120809,221264.10667165468,225443.2464010319,-0.1916539466626946,0.9814625640994225,14.059185935265907,1,0.010741218887447923,50310.0,0.0
56,316227.75263951736,316227.75263951736,5.0,934176.8015178901,934176.8015178901,7.00005787037037,4140402.3997618784,-1190452.7988714706,4308.144600439363,1.0,0.0,4140.402399761879,-1190.4527988714706,4308.144600439363,0.9610639344230977,-0.2763261007418514,52.206907808586216,-1142.4778197619023,1190.4527988714706,1649.9798286611954,0.0,0.0,-1142.4778197619023,1190.4527988714706,1649.9798286611954,-0.6924192647184763,0.721495365090258,0.4344142717271798,0,0.10152331779444083,82530.0,0.08903414535974401
57,316227.75263951736,316227.75263951736,10.0,934176.8015178901,934176.8015178901,14.00005787037037,3237546.8913082564,-497407.76911895827,3275.5342102013915,1.0,0.0,3237.5468913082564,-497.40776911895824,3275.5342102013915,0.9884027103808513,-0.15185546454371357,51.00784288312434,-239.62231130817312,497.40776911895824,552.1171441429526,0.0,0.0,-239.62231130817312,497.40776911895824,552.1171441429526,-0.43400628625676363,0.9009098420428162,0.10087922636988066,0,0.415067216030547,968585.0,0.40257804359585014
58,316227.75263951736,316227.75263951736,20.0,934176.8015178901,934176.8015178901,14.00005787037037,3240553.0610351535,-1440433.2382816623,3546.2701610749987,1.0,0.0,3240.5530610351534,-1440.4332382816624,3546.2701610749987,0.9137919317610106,-0.40618260111491805,35.56558904338133,-242.6284810350229,1440.4332382816624,1460.7246467955413,0.0,0.0,-242.6284810350229,1440.4332382816624,1460.7246467955413,-0.16610144941915517,0.9861086697219814,2.628898330357241,0,1.735417640303268,479155.0,1.7229284678685712
59,316227.75263951736,316227.75263951736,30.0,934176.8015178901,934176.8015178901,14.00011574074074,814316.508959874,3787207.0695506497,3873.764159628076,1.0,0.0,814.316508959874,3787.2070695506495,3873.764159628076,0.21021323844300768,0.9776555601965875,20.211619541701577,2183.608071040162,-3787.2070695506495,4371.622307057891,0.0,0.0,2183.608071040162,-3787.2070695506495,4371.622307057891,0.49949604921604807,-0.86631616446743,23.16594499877189,0,4.0849824519208315,930690.0,4.072493279486135
60,316227.75263951736,316227.75263951736,40.0,934176.8015178901,934176.8015178901,14.00011574074074,1330166.2894495665,-4192431.5420214776,4398.388863223056,1.0,0.0,1330.1662894495664,-4192.431542021478,4398.388863223056,0.3024212571497932,-0.9531743718879242,40.154949388298775,1667.758290550382,4192.431542021478,4511.972955397242,0.0,0.0,1667.758290550382,4192.431542021478,4511.972955397242,0.3696294962396444,0.9291792267962229,62.547697757256564,0,19.167283995149177,1209600.0,19.15479482271448
61,316227.75263951736,316227.75263951736,50.0,934176.8015178901,934176.8015178901,28.00011574074074,-3988576.8328952366,1467300.6904161677,4249.907818765527,1.0,0.0,-3988.5768328952367,1467.3006904161678,4249.907818765527,-0.9385090225448234,0.34525470974623995,50.81758247492133,6986.501412895263,-1467.3006904161678,7138.919617735113,0.0,0.0,6986.501412895263,-1467.3006904161678,7138.919617735113,0.9786496818844689,-0.2055353987697206,45.793582768563134,0,12.487753591793503,2306970.0,12.475264419358805
62,316227.75263951736,316227.75263951736,75.0,934176.8015178901,934176.8015178901,28.00011574074074,2444703.0215217434,-1739953.6684687242,3000.668530820309,1.0,0.0,2444.7030215217433,-1739.9536684687243,3000.668530820309,0.8147194521526913,-0.5798553391010715,36.930946956808846,553.2215584782732,1739.9536684687243,1825.7855463287303,0.0,0.0,553.2215584782732,1739.9536684687243,1825.7855463287303,0.3030046763107995,0.9529890692624904,61.63038818056398,0,61.39391384140222,2419200.0,61.381424668967526
63,316227.75263951736,316227.75263951736,100.0,934176.8015178901,934176.8015178901,28.00011574074074,2809243.943247891,-917326.9327090018,2955.222535469751,1.0,0.0,2809.243943247891,-917.3269327090018,2955.222535469751,0.950603181158181,-0.3104087498314867,27.213565785222862,188.68063675212423,917.3269327090018,936.530343426465,0.0,0.0,188.68063675212423,917.3269327090018,936.530343426465,0.2014677240053986,0.9794951537318011,51.62581891319791,0,94.85469101513512,2419200.0,94.84220184270042
64,1000000.0,1000000.0,0.5000071167456798,2954126.5550554045,2954126.5550554045,0.32991898148148147,197743353.90219128,-36097454.24646468,201011.09475738613,1.0,0.0,197743.35390219127,-36097.45424646468,201011.09475738613,0.9837434801340745,-0.17957941222116686,84.73238876915318,-194745.42932219137,36097.45424646468,198062.63768050814,0.0,0.0,-194745.42932219137,36097.45424646468,198062.63768050814,-0.98325172078306,0.1822527189842485,4.990973687595223,1,0.03706024273418903,28500.0,0.0
65,1000000.0,1000000.0,0.5500078284202476,2954126.5550554045,2954126.5550554045,0.3304976851851852,223730047.37536278,-48053064.735217296,228832.3209885987,1.0,0.0,223730.04737536277,-48053.0647352173,228832.3209885987,0.9777030028310987,-0.2099924719009055,84.24711004572038,-220732.12279536278,48053.0647352173,225902.11832604426,0.0,0.0,-220732.12279536278,48053.0647352173,225902.11832604426,-0.9771140015463704,0.2127163086884487,5.522304671651291,1,0.02576872644624107,28550.0,0.0
66,1000000.0,1000000.0,0.6000085400948156,2954126.5550554045,2954126.5550554045,0.3310763888888889,216153145.58448786,-49977194.51356642,221855.588880505,1.0,0.0,216153.14558448785,-49977.19451356642,221855.588880505,0.9742965984098396,-0.22526903543766455,83.72102467250951,-213155.2210044879,49977.19451356642,218935.76275455533,0.0,0.0,-213155.2210044879,49977.19451356642,218935.76275455533,-0.973597087669282,0.2282733249459792,6.011677459005296,1,0.028267583899512748,28600.0,0.0
67,1000000.0,1000000.0,0.6500092517693836,2954126.5550554045,2954126.5550554045,0.331712962962963,214075242.50017735,-53628563.744767465,220690.3538916831,1.0,0.0,214075.24250017735,-53628.56374476747,220690.3538916831,0.9700253714090625,-0.24300366010146898,83.20298073791541,-211077.31792017733,53628.56374476747,217783.50945308554,0.0,0.0,-211077.31792017733,53628.56374476747,217783.50945308554,-0.9692070738057749,0.2462471280743137,6.506413398306831,1,0.028712543046996775,28655.0,0.0
68,1000000.0,1000000.0,0.7000099634439516,2954126.5550554045,2954126.5550554045,0.33240740740740743,217065640.02973118,-59342605.46503867,225031.19096004465,1.0,0.0,217065.64002973118,-59342.60546503867,225031.19096004465,0.9646024584577354,-0.26370835621438465,82.694670280757,-214067.71544973124,59342.60546503867,222140.79233955735,0.0,0.0,-214067.71544973124,59342.60546503867,222140.79233955735,-0.9636578369744632,0.2671396137559888,7.007969711187621,1,0.027133114501713608,28715.0,0.0
69,1000000.0,1000000.0,0.7500106751185196,2954126.5550554045,2954126.5550554045,0.33310185185185187,190368955.72199064,-52312188.35029076,197425.69324350244,1.0,0.0,190368.95572199064,-52312.18835029076,197425.69324350244,0.9642562353178211,-0.26497153177408145,82.131603590843,-187371.03114199056,52312.18835029076,194536.54762334272,0.0,0.0,-187371.03114199056,52312.18835029076,194536.54762334272,-0.9631662195669995,0.2689067375225371,7.453414946358772,1,0.03885342249109093,28775.0,0.0
70,1000000.0,1000000.0,0.8000113867930876,2954126.5550554045,2954126.5550554045,0.33391203703703703,199348636.52259675,-60224119.06795853,208247.02495097028,1.0,0.0,199348.63652259676,-60224.11906795853,208247.02495097028,0.9572700333631725,-0.28919557953895236,81.64050769740554,-196350.7119425968,60224.11906795853,205379.03154381723,0.0,0.0,-196350.7119425968,60224.11906795853,205379.03154381723,-0.9560406944498896,0.2932340201200619,7.965709608784363,1,0.03378223639274524,28845.0,0.0
71,1000000.0,1000000.0,0.8500120984676556,2954126.5550554045,2954126.5550554045,0.3347800925925926,215723709.2333333,-72868570.27339618,227698.36903033935,1.0,0.0,215723.7092333333,-72868.57027339618,227698.36903033935,0.9474099887144536,-0.3200223637249106,81.16683190052913,-212725.78465333334,72868.57027339618,224860.15207249424,0.0,0.0,-212725.78465333334,72868.57027339618,224860.15207249424,-0.9460359369709542,0.32406173171093283,8.491888042640872,1,0.026237500289145975,28920.0,0.0
72,1000000.0,1000000.0,0.9000128101422235,2954126.5550554045,2954126.5550554045,0.33564814814814814,199997520.84519395,-69046163.23304215,211580.67256114792,1.0,0.0,199997.52084519394,-69046.16323304216,211580.67256114792,0.9452542069379878,-0.32633492651880786,80.62852143738087,-196999.5962651939,69046.16323304216,208749.16427582002,0.0,0.0,-196999.5962651939,69046.16323304216,208749.16427582002,-0.9437144189228875,0.3307613875848218,8.951586514584498,1,0.03237757011779222,28995.0,0.0
73,1000000.0,1000000.0,0.9500135218167914,2954126.5550554045,2954126.5550554045,0.3365740740740741,191236355.58723903,-68480628.19702438,203127.8910847745,1.0,0.0,191236.35558723903,-68480.62819702437,203127.8910847745,0.9414578892439117,-0.33713060196368744,80.10271607571298,-188238.431007239,68480.62819702437,200308.02117320758,0.0,0.0,-188238.431007239,68480.62819702437,200308.02117320758,-0.9397448484824683,0.3418766148051992,9.419950606620109,1,0.03611967340932614,29075.0,0.0
74,1000000.0,1000000.0,1.0000142334913595,2954126.5550554045,2954126.5550554045,0.3375578703703704,186914987.70594838,-70100672.6204879,199627.94626744938,1.0,0.0,186914.98770594838,-70100.6726204879,199627.94626744938,0.9363167392181205,-0.3511566087373923,79.58891367459142,-183917.0631259484,70100.6726204879,196823.75469114218,0.0,0.0,-183917.0631259484,70100.6726204879,196823.75469114218,-0.9344251328532621,0.3561596146282779,9.896238794139247,1,0.037798284007492605,29160.0,0.0
75,1000000.0,1000000.0,1.1000156568404953,2954126.5550554045,2954126.5550554045,0.33969907407407407,188927520.92591855,-79775986.98280914,205080.02404499258,1.0,0.0,188927.52092591854,-79775.98698280915,205080.02404499258,0.9212380474680931,-0.3889993057798114,78.60143366787145,-185929.59634591863,79775.98698280915,202321.58287349762,0.0,0.0,-185929.59634591863,79775.98698280915,202321.58287349762,-0.9189805343811087,0.3943029006089251,10.875885325149047,1,0.03525380020687881,29345.0,0.0
76,1000000.0,1000000.0,1.2000170801896313,2954126.5550554045,2954126.5550554045,0.3420138888888889,179845058.35487753,-81991956.58229491,197653.55033204498,1.0,0.0,179845.05835487752,-81991.95658229491,197653.55033204498,0.9099004700535338,-0.41482663197576675,77.5875261770419,-176847.13377487755,81991.95658229491,194929.7044285,0.0,0.0,-176847.13377487755,81991.95658229491,194929.7044285,-0.9072354277320771,0.4206232027216225,11.812799323932051,1,0.03881252686954598,29545.0,0.0
77,1000000.0,1000000.0,1.3000185035387672,2954126.5550554045,2954126.5550554045,0.34456018518518516,184907736.0131984,-94982852.46182442,207876.43709499974,1.0,0.0,184907.73601319842,-94982.85246182441,207876.43709499974,0.8895079143996267,-0.4569197634382061,76.63850126801319,-181909.8114331984,94982.85246182441,205214.33126720582,0.0,0.0,-181909.8114331984,94982.85246182441,205214.33126720582,-0.8864381464486364,0.4628470724987963,12.794739877768773,1,0.0340641134048008,29765.0,0.0
78,1000000.0,1000000.0,1.4000199268879032,2954126.5550554045,2954126.5550554045,0.34728009259259257,180057462.6219987,-100344294.01443139,206130.21900518882,1.0,0.0,180057.4626219987,-100344.29401443139,206130.21900518882,0.8735131776940779,-0.4868005016377801,75.6647915643422,-177059.5380419987,100344.29401443139,203516.72499551636,0.0,0.0,-177059.5380419987,100344.29401443139,203516.72499551636,-0.8699999375771178,0.4930518315712974,13.73321182201326,1,0.034863398532632074,30000.0,0.0
79,1000000.0,1000000.0,1.5000213502370392,2954126.5550554045,2954126.5550554045,0.3502314814814815,192021693.66831055,-124132056.29668221,228650.60297250294,1.0,0.0,192021.69366831056,-124132.0562966822,228650.60297250294,0.8398040117628848,-0.5428896958194773,74.77726425593099,-189023.7690883106,124132.0562966822,226138.7907476151,0.0,0.0,-189023.7690883106,124132.0562966822,226138.7907476151,-0.8358750326001028,0.5489197845548811,14.735841505199497,1,0.026203048038458594,30255.0,0.0
80,1000000.0,1000000.0,5.0,2954126.5550554045,2954126.5550554045,0.5626157407407407,-78798450.77264726,-202493553.96561772,217285.14731061543,1.0,0.0,-78798.45077264727,-202493.55396561773,217285.14731061543,-0.36264996364432855,-0.9319254282767303,50.271457071802914,81796.37535264727,202493.55396561773,218390.21594031563,0.0,0.0,81796.37535264727,202493.55396561773,218390.21594031563,0.3745423072204004,0.9272098252833709,40.127260701886776,1,0.035034903201573986,48605.0,0.0
81,1000000.0,1000000.0,10.0,2954126.5550554045,2954126.5550554045,14.00005787037037,-799751.7390399359,6485959.05167972,6535.079774889017,1.0,0.0,-799.7517390399358,6485.95905167972,6535.079774889017,-0.12237826722681709,0.992483531203698,54.759327820533166,3797.67631903982,-6485.95905167972,7515.98365114387,0.0,0.0,3797.67631903982,-6485.95905167972,7515.98365114387,0.5052800132770174,-0.8629554497091824,4.6629746963587335,0,0.1280772994197597,312285.0,0.0885830667648105
82,1000000.0,1000000.0,20.0,2954126.5550554045,2954126.5550554045,14.00005787037037,3694785.2846311843,-3857158.6945239133,5341.264971359178,1.0,0.0,3694.7852846311844,-3857.1586945239133,5341.264971359178,0.6917434923081491,-0.7221432966173165,36.41399324675456,-696.860704631194,3857.1586945239133,3919.6030457688576,0.0,0.0,-696.860704631194,3857.1586945239133,3919.6030457688576,-0.17778859147061918,0.9840687052959733,5.4398210436056775,0,0.5191366491699975,801130.0,0.4796424165150482
83,1000000.0,1000000.0,30.0,2954126.5550554045,2954126.5550554045,14.00005787037037,3266059.08979427,-3123733.412477601,4519.38628690409,1.0,0.0,3266.05908979427,-3123.7334124776007,4519.38628690409,0.7226775678056976,-0.6911853101668475,27.560271826069734,-268.1345097943192,3123.7334124776007,3135.2203347725977,0.0,0.0,-268.1345097943192,3123.7334124776007,3135.2203347725977,-0.08552333844624907,0.996336167456049,8.273259358037823,0,1.1837029458171033,475360.0,1.1442087131621541
84,1000000.0,1000000.0,40.0,2954126.5550554045,2954126.5550554045,14.00011574074074,2447926.3406521897,2548508.0775232296,3533.7284545448547,1.0,0.0,2447.9263406521895,2548.5080775232295,3533.7284545448547,0.6927318757342047,0.7211952220735869,13.986596542307236,549.9982393477685,-2548.5080775232295,2607.1807540879845,0.0,0.0,549.9982393477685,-2548.5080775232295,2607.1807540879845,0.210955162385802,-0.9774957388463543,7.8830311397274535,0,2.1326849327235435,743800.0,2.0931907000685945
85,1000000.0,1000000.0,50.0,2954126.5550554045,2954126.5550554045,28.00011574074074,3056379.1399950786,-1092762.0145533157,3245.856168693813,1.0,0.0,3056.3791399950787,-1092.7620145533158,3245.856168693813,0.9416249461309362,-0.3366637206826886,28.37499954469746,-58.454559995176645,1092.7620145533158,1094.3243376782088,0.0,0.0,-58.454559995176645,1092.7620145533158,1094.3243376782088,-0.05341611986734912,0.9985723399625672,1.7365082549564728,0,3.377608852696974,1060000.0,3.3381146200420244
86,1000000.0,1000000.0,75.0,2954126.5550554045,2954126.5550554045,28.00011574074074,255734.16324085032,5470804.658481503,5476.77857627195,1.0,0.0,255.7341632408503,5470.804658481503,5476.77857627195,0.046694267383533494,0.9989092278047667,16.107607076636192,2742.1904167591965,-5470.804658481503,6119.584290867222,0.0,0.0,2742.1904167591965,-5470.804658481503,6119.584290867222,0.4481007673759149,-0.8939830548042375,33.93623084689599,0,7.866146634732368,2053010.0,7.826652402077419
87,1000000.0,1000000.0,100.0,2954126.5550554045,2954126.5550554045,28.00011574074074,1810727.9010856478,-3861717.9442175115,4265.161311423234,1.0,0.0,1810.7279010856478,-3861.7179442175116,4265.161311423234,0.4245391367112043,-0.9054095876455613,31.155169799541667,1187.1966789144212,3861.7179442175116,4040.086810344173,0.0,0.0,1187.1966789144212,3861.7179442175116,4040.086810344173,0.2938542498331328,0.9558502392399171,71.01706744279473,0,58.21066259061998,2419200.0,58.17116835796504
88,3162277.5263951733,3162277.5263951733,0.5000071167456798,9341768.0151789,9341768.0151789,0.19311342592592592,212664969.2987411,-26962684.66227023,214367.38448521387,1.0,0.0,212664.9692987411,-26962.68466227023,214367.38448521387,0.9920584225507952,-0.12577792431912607,84.33665161591173,-209667.04471874118,26962.68466227023,211393.60445691738,0.0,0.0,-209667.04471874118,26962.68466227023,211393.60445691738,-0.9918324882977807,0.1275473055655537,5.05880179614366,1,0.11354895573269248,16680.0,0.0
89,3162277.5263951733,3162277.5263951733,0.5500078284202476,9341768.0151789,9341768.0151789,0.19340277777777778,208363435.50153488,-28945417.05876942,210364.3468430627,1.0,0.0,208363.43550153487,-28945.41705876942,210364.3468430627,0.9904883533186327,-0.13759659131004484,83.7631074552366,-205365.51092153494,28945.41705876942,207395.3476931659,0.0,0.0,-205365.51092153494,28945.41705876942,207395.3476931659,-0.9902127179119078,0.1395663759130853,5.550115710801173,1,0.11825935914727562,16705.0,0.0
90,3162277.5263951733,3162277.5263951733,0.6000085400948156,9341768.0151789,9341768.0151789,0.19375,210030676.73339537,-31924879.182128612,212443.12904841505,1.0,0.0,210030.67673339538,-31924.87918212861,212443.12904841505,0.9886442441051134,-0.15027494334661698,83.20997984308225,-207032.75215339538,31924.87918212861,209479.73261154108,0.0,0.0,-207032.75215339538,31924.87918212861,209479.73261154108,-0.9883187722857972,0.1524008016628991,6.057724401855017,1,0.1157834359327965,16735.0,0.0
91,3162277.5263951733,3162277.5263951733,0.6500092517693836,9341768.0151789,9341768.0151789,0.19409722222222223,205742023.04823858,-33750795.29881116,208491.95723404823,1.0,0.0,205742.02304823857,-33750.79529881116,208491.95723404823,0.9868103584316078,-0.1618805624282346,82.6367795846,-202744.0984682386,33750.79529881116,205534.14715565168,0.0,0.0,-202744.0984682386,33750.79529881116,205534.14715565168,-0.9864253763862402,0.1642101605299268,6.544630992097497,1,0.12055245650593227,16765.0,0.0
92,3162277.5263951733,3162277.5263951733,0.7000099634439516,9341768.0151789,9341768.0151789,0.1945023148148148,207203212.22542754,-36713680.49923116,210430.66671076056,1.0,0.0,207203.21222542753,-36713.68049923116,210430.66671076056,0.9846626229162254,-0.1744692495305095,82.08741994910444,-204205.28764542745,36713.68049923116,207479.3817181635,0.0,0.0,-204205.28764542745,36713.68049923116,207479.3817181635,-0.9842196653680823,0.17695098276850665,7.050550903230696,1,0.11818258827657525,16800.0,0.0
93,3162277.5263951733,3162277.5263951733,0.7500106751185196,9341768.0151789,9341768.0151789,0.19490740740740742,202979560.20639318,-38394965.809991114,206578.98068567185,1.0,0.0,202979.5602063932,-38394.96580999111,206578.98068567185,0.9825760565410308,-0.18586095101520733,81.51526978593986,-199981.63562639322,38394.96580999111,203634.0540954727,0.0,0.0,-199981.63562639322,38394.96580999111,203634.0540954727,-0.9820638130233018,0.18854884552850795,7.5329230468993735,1,0.12295654079541449,16835.0,0.0
94,3162277.5263951733,3162277.5263951733,0.8000113867930876,9341768.0151789,9341768.0151789,0.19537037037037036,204285185.9914198,-41341164.44767617,208426.31574117215,1.0,0.0,204285.1859914198,-41341.164447676165,208426.31574117215,0.9801314448464613,-0.19834906307615413,80.97027428707244,-201287.26141141984,41341.164447676165,205488.81595940707,0.0,0.0,-201287.26141141984,41341.164447676165,205488.81595940707,-0.979553366306723,0.20118449879940345,8.036941284296818,1,0.12063779686435705,16875.0,0.0
95,3162277.5263951733,3162277.5263951733,0.8500120984676556,9341768.0151789,9341768.0151789,0.1958912037037037,211698780.9168252,-45993656.266134545,216637.46273070428,1.0,0.0,211698.7809168252,-45993.656266134545,216637.46273070428,0.9772030111891672,-0.2123070298478704,80.4582071113009,-208700.85633682524,45993.656266134545,213708.82960807093,0.0,0.0,-208700.85633682524,45993.656266134545,213708.82960807093,-0.976566371729095,0.2152164529209398,8.56788862982505,1,0.11099430193114648,16920.0,0.0
96,3162277.5263951733,3162277.5263951733,0.9000128101422235,9341768.0151789,9341768.0151789,0.19635416666666666,201375102.59998542,-45830683.12857798,206524.5347729581,1.0,0.0,201375.10259998543,-45830.68312857798,206524.5347729581,0.9750662448961152,-0.22191398798676268,79.86005709646054,-198377.17801998538,45830.68312857798,203602.4466336421,0.0,0.0,-198377.17801998538,45830.68312857798,203602.4466336421,-0.9743359242482044,0.22509888209273207,9.016799004049867,1,0.12303046494075115,16960.0,0.0
97,3162277.5263951733,3162277.5263951733,0.9500135218167914,9341768.0151789,9341768.0151789,0.19693287037037038,208435893.6485489,-50591712.44964821,214487.8624296887,1.0,0.0,208435.8936485489,-50591.71244964821,214487.8624296887,0.9717840967195814,-0.2358721462210137,79.35615359337937,-205437.96906854887,50591.71244964821,211575.70868036323,0.0,0.0,-205437.96906854887,50591.71244964821,211575.70868036323,-0.9709903388716192,0.23911871908735677,9.548249096857143,1,0.1134217886238161,17010.0,0.0
98,3162277.5263951733,3162277.5263951733,1.0000142334913595,9341768.0151789,9341768.0151789,0.19751157407407408,209962321.73552716,-53846371.747009605,216757.0259504641,1.0,0.0,209962.32173552716,-53846.3717470096,216757.0259504641,0.9686528997842508,-0.2484181147572823,78.82575308724336,-206964.39715552717,53846.3717470096,213854.3743772101,0.0,0.0,-206964.39715552717,53846.3717470096,213854.3743772101,-0.9677819205627753,0.251789900972668,10.051842302164744,1,0.11086581731624205,17060.0,0.0
99,3162277.5263951733,3162277.5263951733,1.1000156568404953,9341768.0151789,9341768.0151789,0.19872685185185185,206900331.7397718,-58387687.04840444,214981.0905007462,1.0,0.0,206900.33173977182,-58387.68704840444,214981.0905007462,0.9624117696019113,-0.2715945244877329,77.73982207034831,-203902.40715977174,58387.68704840444,212097.41545905682,0.0,0.0,-203902.40715977174,58387.68704840444,212097.41545905682,-0.9613620548767741,0.27528712182575166,11.024031392300294,1,0.11286433985624984,17165.0,0.0
100,3162277.5263951733,3162277.5263951733,1.2000170801896313,9341768.0151789,9341768.0151789,0.20005787037037037,204202118.58199528,-62934418.22507363,213680.24295826638,1.0,0.0,204202.11858199528,-62934.41822507363,213680.24295826638,0.9556434219418112,-0.29452614501830787,76.66638616026579,-201204.1940019953,62934.41822507363,210817.14513132238,0.0,0.0,-201204.1940019953,62934.41822507363,210817.14513132238,-0.9544014737352648,0.29852609087306664,11.990757066923226,1,0.11435930809615924,17280.0,0.0
101,3162277.5263951733,3162277.5263951733,1.3000185035387672,9341768.0151789,9341768.0151789,0.20150462962962962,201968214.8684959,-67569364.78059329,212971.30997864433,1.0,0.0,201968.2148684959,-67569.36478059329,212971.30997864433,0.9483353175070776,-0.3172697993329186,75.60780832600084,-198970.290288496,67569.36478059329,210130.4249135314,0.0,0.0,-198970.290288496,67569.36478059329,210130.4249135314,-0.9468894871857431,0.32155916882763674,12.952990860560744,1,0.11518693216030929,17405.0,0.0
102,3162277.5263951733,3162277.5263951733,1.4000199268879032,9341768.0151789,9341768.0151789,0.20306712962962964,200308935.242499,-72395419.67198306,212990.0615697038,1.0,0.0,200308.935242499,-72395.41967198307,212990.0615697038,0.9404614176185178,-0.3399004589155007,74.566648323457,-197311.010662499,72395.41967198307,210173.09941602743,0.0,0.0,-197311.010662499,72395.41967198307,210173.09941602743,-0.9388024024517594,0.3444561643385191,13.911980207915185,1,0.11516937428525607,17540.0,0.0
103,3162277.5263951733,3162277.5263951733,1.5000213502370392,9341768.0151789,9341768.0151789,0.20474537037037038,199356597.53376263,-77545386.24673246,213907.31616378512,1.0,0.0,199356.59753376263,-77545.38624673247,213907.31616378512,0.9319765266051898,-0.3625186255310562,73.54568031635098,-196358.67295376275,77545.38624673247,211116.11822008685,0.0,0.0,-196358.67295376275,77545.38624673247,211116.11822008685,-0.9300979698246461,0.3673115387897196,14.869277833459108,1,0.11410995392217502,17685.0,0.0
104,3162277.5263951733,3162277.5263951733,5.0,9341768.0151789,9341768.0151789,0.3259837962962963,104598167.0501983,-187385101.44790626,214601.847137678,1.0,0.0,104598.1670501983,-187385.10144790626,214601.847137678,0.4874057164246739,-0.8731756224245786,47.31902518582835,-101600.24247019824,187385.10144790626,213156.71585630416,0.0,0.0,-101600.24247019824,187385.10144790626,213156.71585630416,-0.47664574893661926,0.8790954612672331,41.1908961813848,1,0.11359324554186964,28160.0,0.0
105,3162277.5263951733,3162277.5263951733,10.0,9341768.0151789,9341768.0151789,0.6566550925925926,-26264505.141856797,-210067115.8088127,211702.6626534956,1.0,0.0,-26264.505141856796,-210067.1158088127,211702.6626534956,-0.12406317810392983,-0.9922743208602914,31.664573847294818,29262.429721856788,210067.1158088127,212095.45713536566,0.0,0.0,29262.429721856788,210067.1158088127,212095.45713536566,0.13796820600066237,0.9904366583143814,58.59251518857883,1,0.11775182767686179,56730.0,0.0
106,3162277.5263951733,3162277.5263951733,20.0,9341768.0151789,9341768.0151789,14.00005787037037,3430173.358897629,-1775982.735794326,3862.667983393155,1.0,0.0,3430.173358897629,-1775.9827357943261,3862.667983393155,0.8880321512604866,-0.45978135926511,31.80924774199676,-432.2487788978126,1775.9827357943261,1827.827586151973,0.0,0.0,-432.2487788978126,1775.9827357943261,1827.827586151973,-0.23648224929562567,0.971635809224877,0.4337624051922073,0,0.16145544314060678,144445.0,0.03656371879363853
107,3162277.5263951733,3162277.5263951733,30.0,9341768.0151789,9341768.0151789,14.00005787037037,3730082.296342932,-6427005.408877946,7431.010191302213,1.0,0.0,3730.0822963429323,-6427.005408877946,7431.010191302213,0.5019616714708436,-0.8648898660374029,26.963775148313132,-732.157716342929,6427.005408877946,6468.574297891838,0.0,0.0,-732.157716342929,6427.005408877946,6468.574297891838,-0.11318687590579973,0.9935737170047751,10.127028713430885,0,0.36464693451653596,261700.0,0.2397552101695677
108,3162277.5263951733,3162277.5263951733,40.0,9341768.0151789,9341768.0151789,14.00005787037037,-689959.716960482,-24848752.503472768,24858.329497170005,1.0,0.0,-689.959716960482,-24848.752503472766,24858.329497170005,-0.027755675096310488,-0.9996147370361984,34.59682232205791,3687.884296960535,24848.752503472766,25120.927362790815,0.0,0.0,3687.884296960535,24848.752503472766,25120.927362790815,0.14680526095637053,0.9891654135459508,51.72679028998618,0,0.650899274630947,402995.0,0.5260075502839787
109,3162277.5263951733,3162277.5263951733,50.0,9341768.0151789,9341768.0151789,28.00011574074074,3131528.384896828,-1748046.7190628848,3586.3822101723977,1.0,0.0,3131.528384896828,-1748.046719062885,3586.3822101723977,0.8731719603154888,-0.48741227694715117,27.29113294959166,-133.60380489680466,1748.046719062885,1753.1449765234531,0.0,0.0,-133.60380489680466,1748.046719062885,1753.1449765234531,-0.07620807559323793,0.9970919361896251,1.3639089785150453,0,1.021209508179889,1717350.0,0.8963177838329207
110,3162277.5263951733,3162277.5263951733,75.0,9341768.0151789,9341768.0151789,28.00011574074074,3051875.063551154,-1918916.5987090413,3605.021819119329,1.0,0.0,3051.875063551154,-1918.9165987090412,3605.021819119329,0.8465621615285248,-0.5322898709050847,20.312583407860824,-53.95048355102338,1918.9165987090412,1919.6748598334211,0.0,0.0,-53.95048355102338,1918.9165987090412,1919.6748598334211,-0.028103969416833904,0.999605005441158,3.8188245319373104,0,2.3214928512589292,1054010.0,2.1966011269119607
111,3162277.5263951733,3162277.5263951733,100.0,9341768.0151789,9341768.0151789,28.00011574074074,2379535.6341257873,3924756.550107018,4589.76075756486,1.0,0.0,2379.5356341257875,3924.756550107018,4589.76075756486,0.5184443721176161,0.855111357087234,10.430226126807112,618.3889458741853,-3924.756550107018,3973.174910067178,0.0,0.0,618.3889458741853,-3924.756550107018,3973.174910067178,0.15564100747422913,-0.9878136852627659,16.887721296039395,0,4.170194195455248,1648970.0,4.04530247110828
112,10000000.0,10000000.0,0.5000071167456798,29541265.550554052,29541265.550554052,0.11030092592592593,203016627.95182514,-21719880.09818926,204175.18070620022,1.0,0.0,203016.62795182515,-21719.88009818926,204175.18070620022,0.994325692523607,-0.10637865005464736,83.51895987979995,-200018.70337182513,21719.88009818926,201194.52002981066,0.0,0.0,-200018.70337182513,21719.88009818926,201194.52002981066,-0.9941558216505533,0.10795463064784797,4.656428163178042,1,0.3910036938980245,9525.0,0.0
113,10000000.0,10000000.0,0.5500078284202476,29541265.550554052,29541265.550554052,0.11047453703703704,202647433.72440538,-23850862.90498738,204046.1860863853,1.0,0.0,202647.4337244054,-23850.86290498738,204046.1860863853,0.9931449227804349,-0.11688953056387852,82.8776796608757,-199649.5091444054,23850.86290498738,201069.11787471126,0.0,0.0,-199649.5091444054,23850.86290498738,201069.11787471126,-0.9929396978247529,0.11862021953987563,5.119432256156588,1,0.3915011946152742,9540.0,0.0
114,10000000.0,10000000.0,0.6000085400948156,29541265.550554052,29541265.550554052,0.11070601851851852,204953846.44567287,-26351914.46806717,206640.99924508878,1.0,0.0,204953.84644567288,-26351.91446806717,206640.99924508878,0.991835343394682,-0.12752510181588986,82.26877460074245,-201955.9218656728,26351.91446806717,203667.91051303607,0.0,0.0,-201955.9218656728,26351.91446806717,203667.91051303607,-0.9915942150972591,0.12938667854787303,5.604228419967491,1,0.3822001771346789,9560.0,0.0
115,10000000.0,10000000.0,0.6500092517693836,29541265.550554052,29541265.550554052,0.11087962962962963,202357558.68928996,-28160995.071804073,204307.6679963912,1.0,0.0,202357.55868928996,-28160.99507180407,204307.6679963912,0.9904550361412002,-0.13783621215969974,81.60782571746364,-199359.63410928997,28160.99507180407,201338.78254232134,0.0,0.0,-199359.63410928997,28160.99507180407,201338.78254232134,-0.9901700586045049,0.13986870644697896,6.048144377703651,1,0.39060633025487185,9575.0,0.0
116,10000000.0,10000000.0,0.7000099634439516,29541265.550554052,29541265.550554052,0.1111111111111111,202441507.29880387,-30351835.34287622,204704.17139397215,1.0,0.0,202441.50729880386,-30351.835342876217,204704.17139397215,0.9889466634716809,-0.14827169928287048,80.98059458201595,-199443.5827188038,30351.835342876217,201739.87359070446,0.0,0.0,-199443.5827188038,30351.835342876217,201739.87359070446,-0.9886175656253289,0.15045035372855878,6.514504661164546,1,0.3891979007480666,9595.0,0.0
117,10000000.0,10000000.0,0.7500106751185196,29541265.550554052,29541265.550554052,0.11134259259259259,201444157.28441906,-32356555.02317508,204026.21193610766,1.0,0.0,201444.15728441905,-32356.55502317508,204026.21193610766,0.9873444954587639,-0.15859018660459068,80.34197295980448,-198446.232704419,32356.55502317508,201066.78971810383,0.0,0.0,-198446.232704419,32356.55502317508,201066.78971810383,-0.9869667337039656,0.16092441257225548,6.9697041706559215,1,0.3917034739996519,9615.0,0.0
118,10000000.0,10000000.0,0.8000113867930876,29541265.550554052,29541265.550554052,0.11163194444444445,203091872.7438658,-34837816.893142134,206058.20114834225,1.0,0.0,203091.8727438658,-34837.81689314213,206058.20114834225,0.9856044147335782,-0.16906784927265395,79.74484340970363,-200093.94816386575,34837.81689314213,203104.06588171466,0.0,0.0,-200093.94816386575,34837.81689314213,203104.06588171466,-0.9851794315156547,0.1715269300095216,7.452923414024468,1,0.38440150158753855,9640.0,0.0
119,10000000.0,10000000.0,0.8500120984676556,29541265.550554052,29541265.550554052,0.11186342592592592,199940823.00087315,-36401334.16811121,203227.43375707176,1.0,0.0,199940.82300087315,-36401.334168111214,203227.43375707176,0.9838279178384585,-0.17911624181420116,79.07906652358197,-196942.89842087319,36401.334168111214,200278.71171852708,0.0,0.0,-196942.89842087319,36401.334168111214,200278.71171852708,-0.9833441444223885,0.18175338684657544,7.881867460648702,1,0.39472206657366754,9660.0,0.0
120,10000000.0,10000000.0,0.9000128101422235,29541265.550554052,29541265.550554052,0.11221064814814814,203145025.9868559,-39239445.68231188,206900.06206054037,1.0,0.0,203145.0259868559,-39239.445682311874,206900.06206054037,0.9818509669050475,-0.18965410300761604,78.51769270501303,-200147.1014068558,39239.445682311874,203957.33940954742,0.0,0.0,-200147.1014068558,39239.445682311874,203957.33940954742,-0.9813184560373155,0.19239045672937938,8.38567413665146,1,0.3814955752500396,9690.0,0.0
121,10000000.0,10000000.0,0.9500135218167914,29541265.550554052,29541265.550554052,0.1125,201523745.4159751,-41076707.60171713,205667.48861664964,1.0,0.0,201523.7454159751,-41076.70760171713,205667.48861664964,0.9798522205500442,-0.19972387409407885,77.88263603563949,-198525.82083597512,41076.70760171713,202730.8497639041,0.0,0.0,-198525.82083597512,41076.70760171713,202730.8497639041,-0.9792580708223436,0.20261695568066806,8.830844536843353,1,0.38592172665358604,9715.0,0.0
122,10000000.0,10000000.0,1.0000142334913595,29541265.550554052,29541265.550554052,0.11278935185185185,198891342.6872585,-42640655.7814948,203410.89381204837,1.0,0.0,198891.34268725853,-42640.655781494796,203410.89381204837,0.977781174645612,-0.20962818157072136,77.23046385008304,-195893.41810725845,42640.655781494796,200480.56460221048,0.0,0.0,-195893.41810725845,42640.655781494796,200480.56460221048,-0.977119245927635,0.212692217153825,9.259540510863355,1,0.39418033304841943,9740.0,0.0
123,10000000.0,10000000.0,1.1000156568404953,29541265.550554052,29541265.550554052,0.11348379629629629,197820266.7889827,-46678934.5483438,203252.99723013397,1.0,0.0,197820.2667889827,-46678.9345483438,203252.99723013397,0.9732710930948779,-0.22965926792947314,76.01183022120337,-194822.3422089827,46678.9345483438,200336.3869953797,0.0,0.0,-194822.3422089827,46678.9345483438,200336.3869953797,-0.9724760695293754,0.23300277722099652,10.16998726229645,1,0.3948661962053355,9800.0,0.0
124,10000000.0,10000000.0,1.2000170801896313,29541265.550554052,29541265.550554052,0.11429398148148148,199871834.9975601,-51566887.082570374,206416.7974479753,1.0,0.0,199871.8349975601,-51566.88708257037,206416.7974479753,0.9682924910601584,-0.2498192381633435,74.87796732409012,-196873.91041756008,51566.88708257037,203515.30764659456,0.0,0.0,-196873.91041756008,51566.88708257037,203515.30764659456,-0.9673665961256963,0.2533808767452351,11.128879875171425,1,0.38349297523504533,9870.0,0.0
125,10000000.0,10000000.0,1.3000185035387672,29541265.550554052,29541265.550554052,0.11510416666666666,197768635.5325743,-55291055.5113068,205352.21941817578,1.0,0.0,197768.6355325743,-55291.0555113068,205352.21941817578,0.9630703582990822,-0.26924985601793294,73.67695744846482,-194770.71095257424,55291.0555113068,202466.6161729524,0.0,0.0,-194770.71095257424,55291.0555113068,202466.6161729524,-0.9619892633864927,0.27308727017038553,12.0193759801306,1,0.38741768890299805,9940.0,0.0
126,10000000.0,10000000.0,1.4000199268879032,29541265.550554052,29541265.550554052,0.11597222222222223,195255411.95191908,-58795437.02554667,203915.61811577517,1.0,0.0,195255.4119519191,-58795.43702554667,203915.61811577517,0.9575304420334338,-0.28833219136831867,72.48209905684675,-192257.4873719191,58795.43702554667,201046.8723098886,0.0,0.0,-192257.4873719191,58795.43702554667,201046.8723098886,-0.956281911591135,0.2924464148585254,12.895958794710282,1,0.39277315331364643,10015.0,0.0
127,10000000.0,10000000.0,1.5000213502370392,29541265.550554052,29541265.550554052,0.11695601851851851,195901718.63327727,-63323585.120525986,205881.90740322045,1.0,0.0,195901.71863327725,-63323.58512052598,205881.90740322045,0.9515246925005559,-0.3075723647562023,71.3860387264371,-192903.79405327723,63323.58512052598,203031.40198665252,0.0,0.0,-192903.79405327723,63323.58512052598,203031.40198665252,-0.9501180219696207,0.3118905967299036,13.829704439772224,1,0.3857600950146627,10100.0,0.0
128,10000000.0,10000000.0,5.0,29541265.550554052,29541265.550554052,0.1859375,135904248.84757262,-158446784.9366479,208747.0922230614,1.0,0.0,135904.24884757263,-158446.7849366479,208747.0922230614,0.6510473865779606,-0.7590370876511948,43.84901449050021,-132906.32426757267,158446.7849366479,206807.82066226975,0.0,0.0,-132906.32426757267,158446.7849366479,206807.82066226975,-0.6426561811925725,0.7661547055099116,40.231328085423684,1,0.38156693497099203,16060.0,0.0
129,10000000.0,10000000.0,10.0,29541265.550554052,29541265.550554052,0.37309027777777776,61935561.147625886,-199893878.75406224,209269.14846201063,1.0,0.0,61935.561147625885,-199893.87875406223,209269.14846201063,0.29596126138425644,-0.955199943341623,28.359908724130282,-58937.63656762587,199893.87875406223,208401.5541389298,0.0,0.0,-58937.63656762587,199893.87875406223,208401.5541389298,-0.2828080472391075,0.9591765262019306,59.400695190876085,1,0.3857710414897401,32230.0,0.0
130,10000000.0,10000000.0,20.0,29541265.550554052,29541265.550554052,0.9428240740740741,-22140192.65091426,-209489430.3815222,210656.14059930522,1.0,0.0,-22140.192650914258,-209489.43038152222,210656.14059930522,-0.10510110262120355,-0.9944615418545893,18.521058113242212,25138.117230914206,209489.43038152222,210992.28985792305,0.0,0.0,25138.117230914206,209489.43038152222,210992.28985792305,0.11914234993061398,0.9928771829652503,71.83409461787043,1,0.38514345769550573,81455.0,0.0
131,10000000.0,10000000.0,30.0,29541265.550554052,29541265.550554052,1.6982060185185186,-78782338.14199439,-194313535.10225177,209676.91033362155,1.0,0.0,-78782.33814199439,-194313.53510225177,209676.91033362155,-0.37573206328079745,-0.9267283402501267,15.29194140052449,81780.26272199437,194313.53510225177,210821.6338396334,0.0,0.0,81780.26272199437,194313.53510225177,210821.6338396334,0.3879121000656058,0.9216963722521052,75.65089321364918,1,0.3903557425519043,146720.0,0.0
132,10000000.0,10000000.0,40.0,29541265.550554052,29541265.550554052,2.6013888888888888,-128519981.7896411,-165564323.44631177,209592.2968943387,1.0,0.0,-128519.9817896411,-165564.32344631178,209592.2968943387,-0.6131903876907823,-0.7899351545814556,13.88169014004593,131517.90636964107,165564.32344631178,211443.85754636765,0.0,0.0,131517.90636964107,165564.32344631178,211443.85754636765,0.6219991817014615,0.7830178912149532,77.15309750125874,1,0.391666414568345,224755.0,0.0
133,10000000.0,10000000.0,50.0,29541265.550554052,29541265.550554052,3.6325231481481484,-177079279.5759666,-112492352.02312922,209789.41946351575,1.0,0.0,-177079.2795759666,-112492.35202312922,209789.41946351575,-0.8440810791545293,-0.5362155646876778,13.1367335903278,180077.20415596658,112492.35202312922,212325.99633658922,0.0,0.0,180077.20415596658,112492.35202312922,212325.99633658922,0.8481166096613986,0.5298096039299918,77.68762425328148,1,0.3922524542535356,313845.0,0.0
134,10000000.0,10000000.0,75.0,29541265.550554052,29541265.550554052,28.00005787037037,3099300.208237412,-1843787.7773681153,3606.2744139558376,1.0,0.0,3099.300208237412,-1843.7877773681153,3606.2744139558376,0.8594188496148552,-0.5112721789093153,18.65566920479524,-101.3756282374836,1843.7877773681153,1846.5726051180873,0.0,0.0,-101.3756282374836,1843.7877773681153,1846.5726051180873,-0.05489934593229855,0.9984918937158207,1.078155266165623,0,0.7189499581372922,578205.0,0.3240076315878001
135,10000000.0,10000000.0,100.0,29541265.550554052,29541265.550554052,28.00005787037037,2700668.257238108,-9575146.062889345,9948.720076538431,1.0,0.0,2700.6682572381083,-9575.146062889346,9948.720076538431,0.27145886470431096,-0.9624500427416722,20.16575953746719,297.2563227618423,9575.146062889346,9579.759049531842,0.0,0.0,297.2563227618423,9575.146062889346,9579.759049531842,0.03102962415076286,0.9995184652746854,36.602763610472856,0,1.2822231571608433,894175.0,0.8872808306113512
136,31622775.263951737,31622775.263951737,0.5000071167456798,93417680.15178901,93417680.15178901,0.05983796296296296,184645685.4174701,-18612336.355653543,185581.37893631277,1.0,0.0,184645.6854174701,-18612.336355653544,185581.37893631277,0.9949580419964237,-0.10029204687632408,80.76503286728123,-181647.76083747012,18612.336355653544,182598.81730691117,0.0,0.0,-181647.76083747012,18612.336355653544,182598.81730691117,-0.9947915518650785,0.10193021307673654,3.3476845106083637,1,1.239476021576239,5165.0,0.0
137,31622775.263951737,31622775.263951737,0.5500078284202476,93417680.15178901,93417680.15178901,0.059895833333333336,183612762.34303904,-20355933.68887509,184737.68032425657,1.0,0.0,183612.76234303904,-20355.93368887509,184737.68032425657,0.9939107280158382,-0.11018831487515598,79.82863596385455,-180614.83776303905,20355.93368887509,181758.31110712598,0.0,0.0,-180614.83776303905,20355.93368887509,181758.31110712598,-0.9937088249933563,0.11199451384029184,3.6695374256931266,1,1.2484408763217654,5170.0,0.0
138,31622775.263951737,31622775.263951737,0.6000085400948156,93417680.15178901,93417680.15178901,0.06001157407407407,183562136.80797306,-22201975.758381594,184899.93455132638,1.0,0.0,183562.13680797306,-22201.975758381595,184899.93455132638,0.9927647473396916,-0.12007562799984954,78.93931696572767,-180564.21222797304,22201.975758381595,181924.0568618792,0.0,0.0,-180564.21222797304,22201.975758381595,181924.0568618792,-0.9925252071806062,0.12203980133995049,4.006812241524621,1,1.247105454450412,5180.0,0.0
139,31622775.263951737,31622775.263951737,0.6500092517693836,93417680.15178901,93417680.15178901,0.060127314814814814,183303151.62190098,-24019018.994207114,184870.1129657406,1.0,0.0,183303.15162190096,-24019.018994207116,184870.1129657406,0.9915239877408956,-0.12992375354180813,78.04845993737133,-180305.22704190103,24019.018994207116,181898.01585524663,0.0,0.0,-180305.22704190103,24019.018994207116,181898.01585524663,-0.9912435063908935,0.1320466244850153,4.3411031179353055,1,1.2477772608095783,5190.0,0.0
140,31622775.263951737,31622775.263951737,0.7000099634439516,93417680.15178901,93417680.15178901,0.060300925925925924,184024627.91402003,-25975238.231952455,185848.80058827446,1.0,0.0,184024.62791402003,-25975.238231952455,185848.80058827446,0.990184641125042,-0.139765433781289,77.21832956085191,-181026.70333402004,25975.238231952455,182880.7817163684,0.0,0.0,-181026.70333402004,25975.238231952455,182880.7817163684,-0.9898618194599372,0.1420337226698741,4.6961130136137195,1,1.2381277939843818,5205.0,0.0
141,31622775.263951737,31622775.263951737,0.7500106751185196,93417680.15178901,93417680.15178901,0.06041666666666667,183345979.37276962,-27726713.67504506,185430.6307042555,1.0,0.0,183345.97937276962,-27726.713675045063,185430.6307042555,0.9887577833092165,-0.1495260711228803,76.32385733713512,-180348.0547927697,27726.713675045063,182466.96007429343,0.0,0.0,-180348.0547927697,27726.713675045063,182466.96007429343,-0.9883874577585937,0.15195470820446522,5.023666401983284,1,1.2428215930596072,5215.0,0.0
142,31622775.263951737,31622775.263951737,0.8000113867930876,93417680.15178901,93417680.15178901,0.06059027777777778,183651725.11250815,-29629920.859265767,186026.57967862173,1.0,0.0,183651.72511250814,-29629.920859265767,186026.57967862173,0.987233789008988,-0.15927788873210602,75.49496443152067,-180653.80053250815,29629.920859265767,183067.5499835118,0.0,0.0,-180653.80053250815,29629.920859265767,183067.5499835118,-0.9868149792182117,0.16185239198281956,5.3738002855789535,1,1.237166090171979,5230.0,0.0
143,31622775.263951737,31622775.263951737,0.8500120984676556,93417680.15178901,93417680.15178901,0.06070601851851852,182561509.97415262,-31290979.080157142,185223.73037987723,1.0,0.0,182561.50997415264,-31290.979080157143,185223.73037987723,0.9856270014632323,-0.16893612398358543,74.59109530918016,-179563.58539415261,31290.979080157143,182269.59859339672,0.0,0.0,-179563.58539415261,31290.979080157143,182269.59859339672,-0.9851537874657823,0.17167415368023284,5.691433583097712,1,1.2458631076568254,5240.0,0.0
144,31622775.263951737,31622775.263951737,0.9000128101422235,93417680.15178901,93417680.15178901,0.06087962962962963,182451951.3995592,-33115189.781751048,185432.81900404926,1.0,0.0,182451.9513995592,-33115.18978175105,185432.81900404926,0.983924811042079,-0.17858321930072107,73.7575358611343,-179454.02681955913,33115.18978175105,182483.87198883202,0.0,0.0,-179454.02681955913,33115.18978175105,182483.87198883202,-0.9833966413784867,0.18146913160510805,6.033422861744121,1,1.2442087280060972,5255.0,0.0
145,31622775.263951737,31622775.263951737,0.9500135218167914,93417680.15178901,93417680.15178901,0.06105324074074074,182138367.20850357,-34897104.13900165,185451.32160938627,1.0,0.0,182138.36720850357,-34897.104139001654,185451.32160938627,0.9821357196479801,-0.1881739306905829,72.92139579603123,-179140.44262850354,34897.104139001654,182507.82466081966,0.0,0.0,-179140.44262850354,34897.104139001654,182507.82466081966,-0.9815493826712679,0.19120881093101583,6.37103082040161,1,1.2445407465718799,5270.0,0.0
146,31622775.263951737,31622775.263951737,1.0000142334913595,93417680.15178901,93417680.15178901,0.06122685185185185,181622885.12933883,-36630754.09341454,185280.01659152887,1.0,0.0,181622.88512933883,-36630.754093414536,185280.01659152887,0.9802615979344789,-0.19770482951850796,72.08137763654399,-178624.96054933892,36630.754093414536,182342.229548465,0.0,0.0,-178624.96054933892,36630.754093414536,182342.229548465,-0.9796137789456061,0.2008901294237954,6.70348817813865,1,1.246854549856161,5285.0,0.0
147,31622775.263951737,31622775.263951737,1.1000156568404953,93417680.15178901,93417680.15178901,0.06163194444444445,181160077.352339,-40199306.69105484,185566.58612138915,1.0,0.0,181160.077352339,-40199.306691054844,185566.58612138915,0.9762537595741099,-0.21663009236349426,70.47658713454844,-178162.152772339,40199.306691054844,182641.0056337726,0.0,0.0,-178162.152772339,40199.306691054844,182641.0056337726,-0.97547728755713,0.2201001169017955,7.387753359495264,1,1.245071456982642,5320.0,0.0
148,31622775.263951737,31622775.263951737,1.2000170801896313,93417680.15178901,93417680.15178901,0.062094907407407404,181067490.24431145,-43845373.76591342,186300.43699370776,1.0,0.0,181067.49024431146,-43845.37376591342,186300.43699370776,0.9719112481224451,-0.23534766999711484,68.95182268412933,-178069.56566431143,43845.37376591342,183388.0776292428,0.0,0.0,-178069.56566431143,43845.37376591342,183388.0776292428,-0.9709985947086276,0.23908519208405674,8.090041652752207,1,1.2387906459966695,5360.0,0.0
149,31622775.263951737,31622775.263951737,1.3000185035387672,93417680.15178901,93417680.15178901,0.06255787037037037,180181834.4953526,-47274469.518584915,186280.3504140312,1.0,0.0,180181.8344953526,-47274.46951858491,186280.3504140312,0.967261625259326,-0.2537813001398781,67.41189763012477,-177183.90991535268,47274.46951858491,183382.15126111763,0.0,0.0,-177183.90991535268,47274.46951858491,183382.15126111763,-0.9662004109825318,0.25779209805032144,8.769650188687173,1,1.2403415043399844,5400.0,0.0
150,31622775.263951737,31622775.263951737,1.4000199268879032,93417680.15178901,93417680.15178901,0.0630787037037037,179679229.21518946,-50783246.24556246,186717.87142799702,1.0,0.0,179679.22921518947,-50783.246245562455,186717.87142799702,0.9623033287656032,-0.2719784981329209,65.95570246139698,-176681.30463518944,50783.246245562455,183834.76686097778,0.0,0.0,-176681.30463518944,50783.246245562455,183834.76686097778,-0.961087544277204,0.2762439723056657,9.468346973728227,1,1.2372839086680603,5445.0,0.0
151,31622775.263951737,31622775.263951737,1.5000213502370392,93417680.15178901,93417680.15178901,0.06359953703703704,178406392.068206,-54031807.21336133,186408.89710938232,1.0,0.0,178406.392068206,-54031.80721336133,186408.89710938232,0.9570701550984417,-0.28985637515818874,64.47806476080645,-175408.46748820608,54031.80721336133,183541.73001609987,0.0,0.0,-175408.46748820608,54031.80721336133,183541.73001609987,-0.9556871207044831,0.29438431907894613,10.13917114203906,1,1.2419716857926608,5490.0,0.0
152,31622775.263951737,31622775.263951737,5.0,93417680.15178901,93417680.15178901,0.10271990740740741,134502573.2365192,-138385972.74480996,192980.87900041416,1.0,0.0,134502.57323651918,-138385.97274480996,192980.87900041416,0.6969735754816959,-0.717096810117198,36.2337170955141,-131504.64865651916,138385.97274480996,190903.50984411428,0.0,0.0,-131504.64865651916,138385.97274480996,190903.50984411428,-0.6888540119765303,0.7249000966918394,34.1191084802491,1,1.2470157734049698,8870.0,0.0
153,31622775.263951737,31622775.263951737,10.0,93417680.15178901,93417680.15178901,0.20862268518518517,82572083.3564516,-182908116.2573906,200682.65481264668,1.0,0.0,82572.0833564516,-182908.1162573906,200682.65481264668,0.4114560046733448,-0.9114296221970452,23.824869424763293,-79574.15877645151,182908.1162573906,199467.85640249663,0.0,0.0,-79574.15877645151,182908.1162573906,199467.85640249663,-0.3989322400692101,0.9169804075515258,56.75450874512394,1,1.2392279240276836,18020.0,0.0
154,31622775.263951737,31622775.263951737,20.0,93417680.15178901,93417680.15178901,0.5296875,30659332.923467055,-203847745.27564862,206140.48110276088,1.0,0.0,30659.332923467056,-203847.74527564863,206140.48110276088,0.1487302870326736,-0.9888777991840946,15.494719674781745,-27661.408343466996,203847.74527564863,205715.96137759887,0.0,0.0,-27661.408343466996,203847.74527564863,205715.96137759887,-0.13446408415870809,0.9909184679232493,72.41435974160483,1,1.236898108428251,45760.0,0.0
155,31622775.263951737,31622775.263951737,30.0,93417680.15178901,93417680.15178901,0.9539351851851852,2538483.0911376434,-207900723.02156782,207916.21997644784,1.0,0.0,2538.4830911376434,-207900.72302156783,207916.21997644784,0.012209163341971085,-0.9999254653875403,12.395816796168123,459.44148886233194,207900.72302156783,207901.2306826786,0.0,0.0,459.44148886233194,207900.72302156783,207901.2306826786,0.002209902689626601,0.9999975581620699,77.38386082492639,1,1.2384775112376114,82415.0,0.0
156,31622775.263951737,31622775.263951737,40.0,93417680.15178901,93417680.15178901,1.459664351851852,-17849287.66310203,-207378394.47891754,208145.13101856047,1.0,0.0,-17849.28766310203,-207378.39447891753,208145.13101856047,-0.08575404851295991,-0.9963163368948824,10.895197293682479,20847.212243102036,207378.39447891753,208423.61851518287,0.0,0.0,20847.212243102036,207378.39447891753,208423.61851518287,0.10002327179433071,0.9949850979283847,79.59513191864032,1,1.2467998759132115,126110.0,0.0
157,31622775.263951737,31622775.263951737,50.0,93417680.15178901,93417680.15178901,2.0353587962962965,-35136726.17104401,-205626547.70225406,208606.96691617536,1.0,0.0,-35136.72617104401,-205626.54770225406,208606.96691617536,-0.16843505607922968,-0.9857127532316841,10.080755178530406,38134.65075104411,205626.54770225406,209132.80160666208,0.0,0.0,38134.65075104411,205626.54770225406,209132.80160666208,0.18234657814591868,0.9832343186842465,80.75049475854519,1,1.2477572363863763,175850.0,0.0
158,31622775.263951737,31622775.263951737,75.0,93417680.15178901,93417680.15178901,3.7360532407407407,-73057862.68751524,-196537015.12018868,209676.5356753614,1.0,0.0,-73057.86268751524,-196537.01512018868,209676.5356753614,-0.3484312751171618,-0.9373343301726598,9.259027582195221,76055.78726751529,196537.01512018868,210739.84219704353,0.0,0.0,76055.78726751529,196537.01512018868,210739.84219704353,0.36089894760575214,0.9326049268672457,81.8855873601186,1,1.2427732486025251,322790.0,0.0
159,31622775.263951737,31622775.263951737,100.0,93417680.15178901,93417680.15178901,5.75775462962963,-107234334.89433892,-180104690.1173386,209611.31167590598,1.0,0.0,-107234.33489433891,-180104.69011733858,209611.31167590598,-0.5115865839346546,-0.8592317307560694,9.105068794905344,110232.25947433896,180104.69011733858,211160.7217999611,0.0,0.0,110232.25947433896,180104.69011733858,211160.7217999611,0.522030131999479,0.8529270433540059,82.0859023908302,1,1.2464394477802079,497465.0,0.0
